<?xml version="1.0" encoding="UTF-8"?>
<!DOCTYPE configuration  PUBLIC "-//mybatis.org//DTD Config 3.0//EN"  "http://mybatis.org/dtd/mybatis-3-config.dtd">
<configuration>
	<environments default="development">
		<environment id="development">
			<transactionManager type="JDBC" />
			<dataSource type="UNPOOLED">
				<property name="driver" value="oracle.jdbc.OracleDriver" />
				<property name="url" value="jdbc:oracle:thin:@192.168.0.26:1521:orcl11" />
				<property name="username" value="test" />
				<property name="password" value="123" />
			</dataSource>
		</environment>
	</environments>
	<mappers>
		<mapper resource="zDB/mybatis/maps/member.xml"/>
		<mapper resource="zDB/mybatis/maps/group.xml"/>
		<mapper resource="zDB/mybatis/maps/friend.xml"/>
		<mapper resource="zDB/mybatis/maps/message.xml"/>
		<mapper resource="zDB/mybatis/maps/store.xml"/>
	</mappers>
</configuration>